{
    "id": "lulzbot_taz5_flexy_dually_v2_2nd",
    "version": 2,
    "name": "Hot End 2",
    "inherits": "fdmextruder",
    "metadata": {
        "machine": "lulzbot_taz5_flexy_dually_v2",
        "position": "1"
    },

    "overrides": {
        "extruder_nr": {
            "default_value": 1,
            "maximum_value": "1"
        },
        "machine_nozzle_offset_x": { "default_value": 0.0 },
        "machine_nozzle_offset_y": { "default_value": -50.0 },
        "machine_nozzle_size": { "default_value": 0.6 },

        "machine_extruder_start_pos_abs": { "default_value": false },
        "machine_extruder_start_pos_x": { "value": "0" },
        "machine_extruder_start_pos_y": { "value": "0" },
        "machine_extruder_end_pos_abs": { "default_value": false },
        "machine_extruder_end_pos_x": { "value": "0" },
        "machine_extruder_end_pos_y": { "value": "0" }
    }
}
