{
    "id": "LulzBot_TAZ5",
    "name": "LulzBot TAZ 5",
    "inherits": "lulzbot_taz_base",
    "version": 2,
    "metadata":
    {
        "priority": "00",
        "machine_extruder_trains":
        {
            "0": "lulzbot_taz5_extruder"
        },
        "platform": "lulzbot_taz5.stl",
        "platform_offset":
        [
            0,
            0,
            0
        ],
        "visible": true,
        "printer_info_link": "https://www.lulzbot.com/store/printers/lulzbot-taz-6",
        "toolhead_info_link": "https://www.lulzbot.com/store/tool-heads/lulzbot-taz-single-extruder-tool-head-v21",
        "base_machine": "lulzbot_taz_5",
        "base_machine_name": "LulzBot TAZ 5",
        "firmware_toolhead_name": "SingleExtruder"
    },
    "overrides":
    {
        "machine_name":
        {
            "default_value": "LulzBot TAZ 5"
        },
        "machine_width":
        {
            "default_value": 290
        },
        "machine_depth":
        {
            "default_value": 275
        },
        "machine_height":
        {
            "default_value": 250
        },
        "machine_start_gcode":
        {
            "default_value_from_file": "lulzbot_taz5_start"
        },
        "machine_end_gcode":
        {
            "default_value_from_file": "lulzbot_taz5_end"
        },
        "machine_baudrate":
        {
            "default_value": "250000"
        },
        "material_wipe_temperature":
        {
            "enabled": "False"
        },
        "material_probe_temperature":
        {
            "enabled": "False"
        },
        "firmware_machine_type":
        {
            "resolve": "'LulzBot TAZ 5'"
        }
    }
}
