{
    "id": "LulzBot_TAZ5_aerostruder",
    "name": "LulzBot TAZ 5 Aerostruder",
    "inherits": "lulzbot_taz5",
    "version": 2,
    "metadata":
    {
        "priority": "07",
        "machine_extruder_trains":
        {
            "0": "lulzbot_taz5_aerostruder_extruder"
        },
        "type": "machine",
        "visible": true,
        "user_toolhead_name": "Aerostruder v1",
        "firmware_toolhead_name": "Aerostruder"
    },
    "overrides":
    {
        "machine_name":
        {
            "default_value": "LulzBot TAZ 5 Aerostruder"
        },
        "machine_start_gcode":
        {
            "default_value_from_file": "lulzbot_taz5_aerostruder_start"
        },
        "machine_end_gcode":
        {
            "default_value_from_file": "lulzbot_taz5_end"
        }
    }
}
