{
    "id": "LulzBot_Taz5_Flexy_v2",
    "name": "LulzBot TAZ 5 Flexystruder v2",
    "inherits": "lulzbot_taz5",
    "version": 2,
    "metadata":
    {
        "priority": "11",
        "machine_extruder_trains":
        {
            "0": "lulzbot_taz5_flexy_v2_extruder"
        },
        "type": "machine",
        "visible": true,
        "toolhead_info_link": "https://www.lulzbot.com/store/tool-heads/lulzbot-taz-flexystruder-tool-head-v2",
        "user_toolhead_name": "Flexystruder v2",
        "firmware_toolhead_name": "Flexystruder"
    },
    "overrides":
    {
        "machine_name":
        {
            "default_value": "LulzBot TAZ 5 Flexystruder v2"
        },
        "machine_start_gcode":
        {
            "default_value_from_file": "lulzbot_taz5_flexy_start"
        },
        "machine_end_gcode":
        {
            "default_value_from_file": "lulzbot_taz5_flexy_end"
        },
        "machine_nozzle_size":
        {
            "default_value": 0.6
        }
    }
}
