{
    "id": "lulzbot_taz5_achemon",
    "name": "LulzBot TAZ 5 | SL | 0.25 mm (Micro)",
    "inherits": "lulzbot_taz5",
    "version": 2,
    "metadata":
    {
        "priority": "02",
        "machine_extruder_trains":
        {
            "0": "lulzbot_taz5_achemon_extruder"
        },
        "type": "machine",
        "visible": true,
        "user_toolhead_name": "SL | 0.25 mm (Micro)",
        "firmware_toolhead_name": "SmallLayer"
    },
    "overrides":
    {
        "machine_name":
        {
            "default_value": "LulzBot TAZ 5 | SL | 0.25 mm (Micro)"
        },
        "machine_start_gcode":
        {
            "default_value_from_file": "lulzbot_taz5_achemon_start"
        },
        "machine_end_gcode":
        {
            "default_value_from_file": "lulzbot_taz5_end"
        }
    }
}
