{
    "id": "lulzbot_taz5_lutefisk",
    "name": "LulzBot TAZ 5 | M175 | 0.5 mm",
    "inherits": "lulzbot_taz5",
    "version": 2,
    "metadata":
    {
        "priority": "05",
        "machine_extruder_trains":
        {
            "0": "lulzbot_taz5_lutefisk_extruder"
        },
        "type": "machine",
        "visible": true,
        "user_toolhead_name": "M175 | 0.5 mm",
        "firmware_last_version": "2.0.0.144",
        "firmware_toolhead_name": "lutefisk"
    },
    "overrides":
    {
        "machine_name":
        {
            "default_value": "LulzBot TAZ 5 | M175 | 0.5 mm"
        },
        "machine_start_gcode":
        {
            "default_value_from_file": "taz_5_lutefisk_start"
        },
        "machine_end_gcode":
        {
            "default_value_from_file": "lulzbot_taz5_end"
        },
        "material_diameter":
        {
            "default_value": 1.75
        }
    }
}
