{
    "id": "LulzBot_Taz5_MOARstruder",
    "name": "LulzBot TAZ 5 MOARstruder",
    "inherits": "lulzbot_taz5",
    "version": 2,
    "metadata":
    {
        "priority": "08",
        "machine_extruder_trains":
        {
            "0": "lulzbot_taz5_moarstruder_extruder"
        },
        "type": "machine",
        "visible": true,
        "toolhead_info_link": "https://www.lulzbot.com/store/tool-heads/lulzbot-taz-moarstruder-tool-head",
        "firmware_toolhead_name": "MOARstruder"
    },
    "overrides":
    {
        "machine_name":
        {
            "default_value": "LulzBot TAZ 5 MOARstruder"
        },
        "machine_start_gcode":
        {
            "default_value_from_file": "lulzbot_taz5_start"
        },
        "machine_end_gcode":
        {
            "default_value_from_file": "lulzbot_taz5_end"
        },
        "machine_nozzle_size":
        {
            "default_value": 1.2
        }
    }
}
