{
    "id": "lulzbot_taz_base",
    "name": "LulzBot TAZ",
    "inherits": "lulzbot_base",
    "version": 2,
    "metadata":
    {
        "type": "machine",
        "preferred_material": "pla",
        "preferred_quality": "normal",
        "file_formats": "text/x-gcode",
        "default_eeprom_state": false,
        "visible": false
    },
    "overrides":
    {
        "machine_heated_bed":
        {
            "default_value": true
        },
        "machine_center_is_zero":
        {
            "default_value": false
        },
        "machine_nozzle_size":
        {
            "default_value": 0.5
        },
        "machine_gcode_flavor":
        {
            "default_value": "RepRap (Marlin/Sprinter)"
        },
        "machine_acceleration":
        {
            "default_value": 500
        },
        "acceleration_print":
        {
            "default_value": 500
        },
        "acceleration_infill":
        {
            "default_value": 500
        },
        "acceleration_wall":
        {
            "default_value": 500
        },
        "acceleration_wall_0":
        {
            "default_value": 500
        },
        "acceleration_wall_x":
        {
            "default_value": 500
        },
        "acceleration_topbottom":
        {
            "default_value": 500
        },
        "acceleration_support":
        {
            "default_value": 500
        },
        "acceleration_support_infill":
        {
            "default_value": 500
        },
        "acceleration_support_interface":
        {
            "default_value": 500
        },
        "acceleration_prime_tower":
        {
            "default_value": 500
        },
        "acceleration_travel":
        {
            "default_value": 500,
            "value": "acceleration_print if magic_spiralize else 500"
        },
        "acceleration_layer_0":
        {
            "default_value": 500
        },
        "acceleration_print_layer_0":
        {
            "default_value": 500
        },
        "acceleration_travel_layer_0":
        {
            "default_value": 500
        },
        "acceleration_skirt_brim":
        {
            "default_value": 500
        },
        "jerk_print":
        {
            "default_value": 12
        },
        "jerk_infill":
        {
            "default_value": 12
        },
        "jerk_wall":
        {
            "default_value": 12
        },
        "jerk_wall_0":
        {
            "default_value": 12
        },
        "jerk_wall_x":
        {
            "default_value": 12
        },
        "jerk_topbottom":
        {
            "default_value": 12
        },
        "jerk_support":
        {
            "default_value": 12
        },
        "jerk_support_infill":
        {
            "default_value": 12
        },
        "jerk_support_interface":
        {
            "default_value": 12
        },
        "jerk_prime_tower":
        {
            "default_value": 12
        },
        "jerk_travel":
        {
            "default_value": 12,
            "value": "jerk_print if magic_spiralize else 12"
        },
        "jerk_layer_0":
        {
            "default_value": 12
        },
        "jerk_print_layer_0":
        {
            "default_value": 12
        },
        "jerk_travel_layer_0":
        {
            "default_value": 12
        },
        "jerk_skirt_brim":
        {
            "default_value": 12
        },
        "machine_has_lcd":
        {
            "default_value": true
        },
        "machine_max_feedrate_x":
        {
            "default_value": 800
        },
        "machine_max_feedrate_y":
        {
            "default_value": 800
        },
        "machine_max_feedrate_z":
        {
            "default_value": 3
        },
        "machine_max_feedrate_e":
        {
            "default_value": 40
        },
        "machine_max_acceleration_x":
        {
            "default_value": 9000
        },
        "machine_max_acceleration_y":
        {
            "default_value": 9000
        },
        "machine_max_acceleration_z":
        {
            "default_value": 100
        },
        "machine_max_acceleration_e":
        {
            "default_value": 1000
        }
    }
}
