{
    "id": "LulzBot_TAZ5_Twoolhead",
    "name": "Twoolhead TAZ 5",
    "inherits": "lulzbot_taz_base",
    "version": 2,
    "metadata":
    {
        "machine_extruder_trains":
        {
            "0": "lulzbot_taz5_twoolhead_extruder"
        },
        "platform": "lulzbot_taz5.stl",
        "platform_offset":
        [
            70,
            0,
            0
        ],
	"first_start_actions":
        [
            "MachineSettingsAction"
        ],
	"preferred_material": "*PolyLite_PLA*",
        "preferred_quality": "*Standard*",
        "category": "LulzBot + Community Developed Add-Ons",
        "visible": true,
        "printer_info_link": "https://www.lulzbot.com/store/printers/lulzbot-taz-6",
        "toolhead_info_link": "https://www.lulzbot.com/store/tool-heads/lulzbot-taz-single-extruder-tool-head-v21",
        "base_machine": "lulzbot_taz_5",
        "firmware_toolhead_name": "SingleExtruder"
    },
    "overrides":
    {
        "machine_name":
        {
            "default_value": "LulzBot TAZ 5"
        },
        "machine_width":
        {
            "default_value": 140
        },
        "machine_depth":
        {
            "default_value": 280
        },
        "machine_height":
        {
            "default_value": 250
        },
        "machine_start_gcode":
        {
            "default_value_from_file": "lulzbot_taz5_twoolhead_start"
        },
        "machine_end_gcode":
        {
            "default_value_from_file": "lulzbot_taz5_twoolhead_end"
        },
        "machine_baudrate":
        {
            "default_value": "250000"
        },
        "firmware_machine_type":
        {
            "resolve": "'LulzBot TAZ 6'"
        }
    }
}
