{
    "id": "lulzbot_taz5_cecropia",
    "name": "LulzBot TAZ 5 | SE | 0.5 mm",
    "inherits": "lulzbot_taz5",
    "version": 2,
    "metadata":
    {
        "priority": "01",
        "machine_extruder_trains":
        {
            "0": "lulzbot_taz5_cecropia_extruder"
        },
        "type": "machine",
        "visible": true,
        "user_toolhead_name": "SE | 0.5 mm (Aero v2)",
        "firmware_toolhead_name": "SingleExtruderAeroV2"
    },
    "overrides":
    {
        "machine_name":
        {
            "default_value": "LulzBot TAZ 5 | SE | 0.5 mm"
        },
        "machine_start_gcode":
        {
            "default_value_from_file": "lulzbot_taz5_cecropia_start"
        },
        "machine_end_gcode":
        {
            "default_value_from_file": "lulzbot_taz5_end"
        }
    }
}
