{
    "id": "LulzBot_Taz5_Flexy_Dually_v2",
    "name": "LulzBot TAZ 5 FlexyDually v2",
    "inherits": "lulzbot_taz5",
    "version": 2,
    "metadata":
    {
        "type": "machine",
        "visible": true,
        "priority": "10",
        "machine_extruder_trains":
        {
            "0": "lulzbot_taz5_flexy_dually_v2_1st",
            "1": "lulzbot_taz5_flexy_dually_v2_2nd"
        },
        "toolhead_info_link": "https://www.lulzbot.com/store/tool-heads/lulzbot-taz-flexydually-tool-head-v2",
        "firmware_toolhead_name": "FlexyDually v2",
        "nozzle_offsetting_for_disallowed_areas": false
    },
    "overrides":
    {
        "machine_name":
        {
            "default_value": "LulzBot TAZ 5 FlexyDually v2"
        },
        "machine_start_gcode":
        {
            "default_value_from_file": "lulzbot_taz5_flexy_dually_start"
        },
        "machine_end_gcode":
        {
            "default_value_from_file": "lulzbot_taz5_flexy_dually_end"
        },
        "machine_extruder_count": {
            "default_value": 2
        }
    }
}
