{
    "id": "creatbot-dx_extruder_2",
    "version": 2,
    "name": "Extruder 2",
    "inherits": "fdmextruder",
    "metadata": {
        "machine": "creatbot-dx",
        "position": "1"
    },

    "overrides": {
        "extruder_nr": { "default_value": 1, "maximum_value": "2" },
        "extruder_prime_pos_x": { "default_value": 20.0 },
        "extruder_prime_pos_y": { "default_value": 0.0 },
        "extruder_prime_pos_z": { "default_value": 2 },
        "machine_nozzle_offset_x": { "default_value": 20.0 },
        "machine_nozzle_offset_y": { "default_value": 0.0 },
        "machine_extruder_start_pos_abs": { "default_value": true },
        "machine_extruder_start_pos_x": { "default_value": 0 },
        "machine_extruder_start_pos_y": { "default_value": 0 },
        "machine_extruder_end_pos_abs": { "default_value": true },
        "machine_extruder_end_pos_x": { "default_value": 0 },
        "machine_extruder_end_pos_y": { "default_value": 0 },
		"material_diameter": { "default_value": 1.75 }
	}
}
