{
    "id": "creatbot-dx",
    "name": "CreatBot-DX",
    "version": 2,
    "inherits": "fdmprinter",
    "metadata": {
        "visible": true,
        "manufacturer": "CreatBot",
        "author": "Ricardo G.O.",
        "category": "Other",
        "file_formats": "text/x-gcode",
        "platform": "creatbot-dx_bed.stl",
		"platform_offset": [ 0, 0, 0],
        "has_machine_quality": true,
        "has_variants": true,
        "has_materials": true,
        "has_machine_materials": true,
        "variants_name": "Nozzle Type",
		"preferred_variant_name": "brass-0.4mm",
        "preferred_quality_type": "normal",
		"preferred_material": "creatbot_pla",
        "machine_extruder_trains": {
            "0": "creatbot-dx_extruder_1",
            "1": "creatbot-dx_extruder_2",
            "2": "creatbot-dx_extruder_3"
        },
        "supports_usb_connection": true,
		"supported_actions": [ "MachineSettingsAction", "BedLevel" ],
        "first_start_actions": [ "MachineSettingsAction" ]
 	},

    "overrides": {
        "machine_name": { "default_value": "creatbot-dx" },
		"machine_gcode_flavor": { "default_value": "RepRap (Marlin/Sprinter)" },
        "machine_width": { "default_value": 300 },
        "machine_height": { "default_value": 300 },
        "machine_depth": { "default_value": 250 },
        "machine_head_with_fans_polygon": {
			"default_value": [[-35, 38],[-35, -17],[75, 38],[75, -17]]
		},
        "machine_head_polygon": {
			"default_value": [[-25, 38],[-25, -17],[65, 38],[65, -17]]
		},
        "machine_heated_bed": { "default_value": true },
        "machine_buildplate_type": { "default_value": "glass" },		
        "machine_center_is_zero": { "default_value": false },
		"gantry_height": { "default_value": 70 },
		"machine_show_variants": { "default_value": true },		
		"machine_nozzle_temp_enabled": { "default_value": true },
		"machine_heat_zone_length": { "default_value": 20 },
		"machine_filament_park_distance": { "default_value": 22 },
        "machine_min_cool_heat_time_window": { "default_value": 5 },
        "machine_max_feedrate_x": { "default_value": 200 },
        "machine_max_feedrate_y": { "default_value": 200 },
        "machine_max_feedrate_z": { "default_value": 100 },
        "machine_max_feedrate_e": { "default_value": 50 },
        "machine_max_acceleration_x": { "default_value": 2000 },
        "machine_max_acceleration_y": { "default_value": 2000 },
        "machine_max_acceleration_z": { "default_value": 200 },
        "machine_max_acceleration_e": { "default_value": 3000 },
        "machine_acceleration": { "default_value": 1500 },
        "machine_max_jerk_xy": { "default_value": 15 },
        "machine_max_jerk_z": { "default_value": 20 },
        "machine_max_jerk_e": { "default_value": 3 },
        "machine_use_extruder_offset_to_offset_coords": { "default_value": true },
		"machine_endstop_positive_direction_x": { "default_value": false },
		"machine_endstop_positive_direction_y": { "default_value": false },
		"machine_endstop_positive_direction_z": { "default_value": true },
		"machine_feeder_wheel_diameter": { "default_value": 18.0 },
		"machine_extruder_count": { "default_value": 3, "maximum_value": "3" },
		"extruders_enabled_count": { "value": "machine_extruder_count", "maximum_value": "3" },
		"extruder_prime_pos_abs": { "default_value": true },
        "prime_blob_enable": { "default_value": true },
        "layer_height": {
            "minimum_value": "0.02",
            "maximum_value_warning": "0.8",
            "settable_per_extruder": true
		},
        "layer_height_0": {
            "minimum_value": "0.2",
            "maximum_value_warning": "0.8",
            "settable_per_extruder": true
		},
		"speed_print": { "minimum_value": "0.1", "maximum_value": "120" },
		"speed_travel": { "minimum_value": "0.1", "maximum_value": "200" },
        "acceleration_enabled": { "default_value": true },
		"acceleration_print": { "default_value": 1500, "maximum_value_warning": "2000" },
        "acceleration_topbottom": {
			"default_value": 1000,
			"value": "1000",
			"maximum_value_warning": "2000"
		},
        "acceleration_travel": {
			"default_value": 1800,
			"value": "1800",
			"maximum_value_warning": "2000"
		},
        "acceleration_layer_0": {
			"default_value": "acceleration_topbottom",
			"value": "acceleration_topbottom",			
			"maximum_value_warning": "2000"
		},
        "jerk_enabled": { "default_value": true },
        "jerk_print": { "default_value": 14, "maximum_value_warning": "15" },
        "jerk_topbottom": {
			"default_value": 10,
			"value": "12",
			"maximum_value_warning": "15"
		},
        "jerk_layer_0": {
			"default_value": 10,
			"value": "jerk_topbottom",
			"maximum_value_warning": "15"			
		},
        "jerk_travel": {
			"default_value": 15,
			"value": "15",
			"maximum_value_warning": "15"			
		},
        "retraction_speed": {
			"default_value": 15,
			"maximum_value": "machine_max_feedrate_e if retraction_enable else float('inf')",
			"maximum_value_warning": "25"			
		},		
        "cool_fan_speed": { "default_value": 100 },
        "cool_fan_speed_min": { "default_value": 50 },
        "cool_fan_speed_max": { "default_value": 100 },
        "cool_fan_speed_0": { "default_value": 0 },
        "cool_fan_full_at_height": { "default_value": 2 },
        "material_print_temperature": { "minimum_value": "0", "maximum_value_warning": "380" },
        "material_bed_temperature": { "minimum_value": "0", "maximum_value_warning": "120" },
        "material_print_temp_wait": { "default_value": true, "settable_per_extruder": true },
		"material_print_temp_prepend": { "default_value": true, "settable_per_extruder": true },
        "material_bed_temp_wait": { "default_value": true },
        "material_bed_temp_prepend": { "default_value": true },
        "travel_avoid_distance": { "default_value": 2 },
        "prime_blob_enable": { "default_value": true },
		"prime_tower_enable": { "default_value": false },
        "skirt_line_count": { "default_value": 4 },
		"brim_width": { "default_value": 5 },
        "optimize_wall_printing_order": { "value": "True" },
        "coasting_enable": { "default_value": true },
        "machine_start_gcode": {
            "default_value": "M117 Initializing...\nG21 ;metric values\nG90 ;absolute coordinates\nM107 ;start with fan off\nG28 X0 Y0;home X/Y\nG28 Z0 ; home Z\nM82 ;absolute extrusion\nM117 Printing...\n"
        },
        "machine_end_gcode": {
            "default_value": "M140 S0 ;bed heater off\nG91 ;relative coordinates\nM107 ;fans off\nG1 F{machine_max_feedrate_z} Z30 ;down bed 3cm\nG28 X0 Y0 ;home X/Y\nM84 ;steppers off\nG90 ;absolute coordinates\nM117 Print Ready!\n"
        }
    }
}
